"store_type","total_sales","percentage_of_total_sales","count_of_orders"
"Local",4200344.269999805,"65.2989331845399202","78319"
"Super Store",1045045.1900000039,"16.0530326373910074","19263"
"Mall Kiosk",705645.9000000053,"10.9446438535273200","13128"
"Outlet",508029.41000000207,"7.6675799695195583","9201"
"Web Portal",1067.77,"0.03581035502219409212","43"
